train_loss,val_loss
3.3092926,5.6648903
3.103078,5.3983464
3.1648707,4.4523168
3.1617486,5.5487313
3.185068,4.7617397
3.479748,3.849819
3.3165941,3.7271945
3.3679416,4.396394
3.1943796,3.8428395
3.3649144,3.6490538
3.3002968,3.5786116
3.3249934,3.5829425
3.286967,3.579026
3.2656126,5.4554543
3.3947296,3.5029886
3.149745,3.461893
3.181565,3.3682094
3.1339822,3.4356322
3.068878,3.4043562
3.1069849,3.529766
3.1408482,3.3767629
