n_est,min_samples_split,min_samples_leaf,max_features
100,4,4,10,2.5755918045132042
100,4,4,30,2.6272793342470093
100,4,4,50,2.639786407809612
