n_est,min_samples_split,min_samples_leaf,max_features
100,4,4,10,2.5762429762739254
100,4,4,30,2.6276614516179135
