train_loss,val_loss
0.8615494,3.5395007
1.0915014,4.094202
